WorkerID	neutral_neutral	neutral_surprise	neutral_sad	neutral_disgust	neutral_happy	neutral_angry	neutral_fear	surprise_neutral	surprise_surprise	surprise_sad	surprise_disgust	surprise_happy	surprise_angry	surprise_fear	sad_neutral	sad_surprise	sad_sad	sad_disgust	sad_happy	sad_angry	sad_fear	disgust_neutral	disgust_surprise	disgust_sad	disgust_disgust	disgust_happy	disgust_angry	disgust_fear	happy_neutral	happy_surprise	happy_sad	happy_disgust	happy_happy	happy_angry	happy_fear	angry_neutral	angry_surprise	angry_sad	angry_disgust	angry_happy	angry_angry	angry_fear	fear_neutral	fear_surprise	fear_sad	fear_disgust	fear_happy	fear_angry	fear_fear
A107V1K6AZNU90	1.0	0.0	2.486213933092765e-46	0.0	0.0	0.0	0.0	0.0	0.0	0.0	0.0	0.0	0.0	1.0	1.1821839129527772e-117	0.0	1.0	0.0	0.0	0.0	0.0	0.0	0.0	4.299222205325746e-63	0.0	1.0	0.0	0.0	3.3278381046448983e-106	1.0	0.0	0.0	0.0	0.0	0.0	0.0	0.0	1.0	0.0	0.0	0.0	0.0	0.0	0.0	0.0	0.0	0.0	0.0	0.0
A12VDN3TJJCAQQ	1.0	0.0	0.0	6.206457806176443e-134	0.0	0.0	0.0	0.0	1.0	0.0	0.0	0.0	0.0	0.0	0.0	0.0	0.8522363382273912	0.0	0.0	0.0	0.1477636617726088	0.0	0.0	0.0	1.0	0.0	0.0	0.0	0.0	0.0	0.0	0.0	1.0	0.0	0.0	0.0	0.0	0.0	0.0	0.0	1.0	0.0	0.0	0.0	0.0	0.0	0.0	0.0	1.0
A15W6N8EGATQY2	1.0	0.0	0.0	0.0	0.0	0.0	0.0	0.0	0.0	0.0	0.0	0.0	0.0	0.0	0.0	0.0	0.0	0.0	0.0	0.0	0.0	0.0	0.0	0.0	1.0	0.0	0.0	0.0	1.0	0.0	0.0	0.0	0.0	0.0	0.0	1.0	0.0	0.0	0.0	0.0	0.0	0.0	0.0	0.0	0.0	0.0	0.0	0.0	0.0
A16GH5GPKBX5GA	0.6442418870967698	0.016922999097364062	0.25547088479635316	0.0	0.08336422900951299	0.0	0.0	0.4634569327082157	0.2257374858261728	0.3108055814656116	0.0	0.0	0.0	0.0	9.479022795121293e-134	0.4495723426535001	0.5504276573464999	0.0	0.0	7.87851505464679e-18	0.0	0.0	3.752265069585174e-24	1.0	0.0	0.0	0.0	0.0	0.11180622781309285	0.09089251700773186	2.669372756556149e-280	0.0	0.7086994018368292	0.0	0.08860185334234598	0.0	0.8571428571428571	3.5798463248970074e-73	0.0	0.0	0.14285714285714285	0.0	0.0	8.288917648339449e-46	0.6144263963880502	0.0	0.0	0.0	0.3855736036119498
A17LA7KM9S0SCS	0.0	0.0	0.0	0.0	0.0	0.0	0.0	0.0	1.0	0.0	0.0	0.0	0.0	0.0	0.0	0.0	0.0	0.0	0.0	0.0	0.0	0.0	0.0	0.0	0.0	0.0	0.0	0.0	0.0	1.0	0.0	0.0	0.0	0.0	0.0	0.0	0.0	0.0	0.0	0.0	1.0	0.0	0.0	0.0	0.0	0.0	0.0	0.0	0.0
A17PYKQUQH830K	0.9778171607320442	0.0	0.02218283926795584	0.0	0.0	0.0	0.0	0.0	1.0	0.0	0.0	0.0	0.0	0.0	2.885235738103709e-69	0.0	0.4971480650739206	0.0	0.0	0.0	0.5028519349260794	0.0	0.1907700937633658	0.0	0.0	0.0	0.8092299062366342	0.0	0.0	0.0	0.0	0.0	1.0	0.0	0.0	0.0	0.25	0.0	0.0	0.0	0.75	6.599266070007829e-40	1.0	0.0	0.0	0.0	0.0	0.0	5.230008560025417e-90
A17T3PFM6FKPU4	1.0	0.0	0.0	0.0	0.0	0.0	0.0	0.0	0.0	0.0	0.0	0.0	0.0	1.0	0.5207985820078948	0.0	0.0	0.0	0.0	0.0	0.47920141799210525	0.0	0.0	0.0	0.0	0.0	0.0	0.0	0.0	0.0	0.0	0.0	0.0	0.0	0.0	0.0	0.0	0.0	0.0	0.0	0.0	0.0	1.0	0.0	0.0	0.0	0.0	0.0	0.0
A1D9FECXIKCO4O	0.0	0.0	0.0	0.0	0.0	1.0	0.0	0.0	1.0	0.0	0.0	0.0	0.0	0.0	0.0	0.0	0.0	0.0	0.0	0.0	0.0	0.0	0.0	0.0	0.0	0.0	1.0	0.0	0.0	1.0	0.0	0.0	0.0	0.0	0.0	0.0	0.0	0.0	0.0	0.0	1.0	0.0	0.0	0.0	0.0	0.0	0.0	0.0	0.0
A1DX7MP76A0RZK	1.0	0.0	0.0	0.0	0.0	0.0	0.0	0.0	1.0	0.0	0.0	0.0	0.0	0.0	7.325183141342654e-53	0.0	1.0	0.0	0.0	0.0	0.0	1.9168872220770743e-25	0.0	1.0	0.0	0.0	0.0	0.0	0.0	0.0	0.0	0.0	1.0	0.0	0.0	0.0	0.0	0.0	0.0	0.0	1.0	0.0	0.0	0.0	0.0	0.0	0.0	1.0	0.0
A1G0W1P43RTBKK	0.7067401287330435	0.2932598712669565	0.0	0.0	2.9365713210761404e-61	0.0	0.0	0.0	1.0	0.0	0.0	0.0	0.0	0.0	0.46874660559398956	0.0	0.2364544260054994	6.815890117646422e-33	0.0	0.29479896840051106	0.0	0.0	0.0	0.0	1.0	0.0	0.0	0.0	0.0	0.0	0.0	0.0	1.0	0.0	0.0	0.0	0.0	0.5235727826100955	0.0	0.0	0.4764272173899044	0.0	0.0	0.0	0.0	1.0	0.0	0.0	0.0
A1H5Q9HRH4RPZU	1.0	0.0	0.0	0.0	0.0	0.0	0.0	1.7749112557551002e-57	1.0	0.0	0.0	0.0	0.0	0.0	0.5339489709634134	0.0	0.4660510290365866	0.0	0.0	0.0	0.0	0.0	0.0	0.0	0.0	0.0	0.0	0.0	0.0	0.0	0.0	0.0	1.0	0.0	0.0	0.0	0.0	0.0	0.0	0.0	1.0	0.0	0.0	0.0	0.0	0.0	0.0	0.0	0.0
A1HDYTLK36Y0G5	0.0	0.0	0.0	0.0	0.0	0.0	0.0	0.0	0.0	0.0	0.0	0.0	0.0	0.0	0.0	0.0	0.0	0.0	0.0	0.0	0.0	0.0	0.0	0.0	0.0	0.0	0.0	0.0	0.0	0.0	0.0	0.0	1.0	0.0	0.0	0.0	0.0	0.0	0.0	0.0	0.0	0.0	0.0	0.0	0.0	0.0	0.0	0.0	0.0
A1HTXEKQWZ2BIL	1.0	0.0	0.0	1.347465395110158e-40	3.874703167287717e-225	0.0	0.0	0.0	0.75	0.0	0.0	0.0	0.0	0.25	0.26285028610711597	0.14742994277857682	0.44228982833573044	0.0	0.0	0.14742994277857685	0.0	1.1865657965331302e-145	0.0	0.0	1.0	0.0	0.0	0.0	0.0	0.0	0.0	0.0	1.0	0.0	0.0	0.0	0.0	0.0	0.0	9.053555796902247e-180	1.0	0.0	0.0	0.0	0.0	0.0	0.0	1.0	0.0
A1ITF1O2NFDPCP	0.0	0.0	0.0	0.0	0.0	0.0	0.0	0.0	0.0	0.0	0.0	0.0	0.0	0.0	0.0	0.0	0.0	0.0	0.0	0.0	0.0	0.0	0.0	0.0	0.0	0.0	0.0	0.0	0.0	0.0	0.0	0.0	0.0	0.0	0.0	0.0	0.0	0.0	0.0	0.0	1.0	0.0	0.0	0.0	0.0	0.0	0.0	0.0	0.0
A1IZXYBZFZAPAQ	0.0	0.0	0.0	0.0	0.0	0.0	0.0	0.0	1.0	0.0	0.0	0.0	0.0	0.0	0.0	0.0	0.0	0.0	0.0	0.0	0.0	0.0	0.0	0.0	0.0	0.0	0.0	0.0	1.0	0.0	0.0	0.0	0.0	0.0	0.0	0.0	0.0	0.0	0.0	0.0	1.0	0.0	0.0	0.0	0.0	0.0	0.0	0.0	0.0
A1JVUD5XUB9H48	0.6516958707223371	0.0	0.07088056589760659	0.20588565058840175	0.07153791279165447	0.0	0.0	0.29336222136223095	0.0	0.0	0.0	0.7066377786377691	0.0	0.0	0.732192962376232	0.0	0.08522840572407125	0.09735022617562551	0.0	0.0	0.08522840572407125	0.28578133343051665	0.0	0.0	0.5289139078505193	0.0	0.18530475871896404	2.543152927621324e-20	0.020642753172237117	0.0	0.0	2.9063093280465126e-115	0.9793572468277629	0.0	0.0	2.074506840965953e-157	0.0	0.0	0.43652419464778963	0.1408689513380526	0.4226068540141578	0.0	0.3740277581593016	0.0	0.0	1.4061458583784124e-108	0.0	0.0	0.6259722418406983
A1KPOY8TUVWK0Z	0.6959351101931192	0.0	0.0	0.3040648898068808	1.2989625864407975e-60	0.0	0.0	0.0	0.0	0.0	0.0	0.0	0.0	0.0	2.0895235706791815e-24	0.0	0.0	1.0	0.0	0.0	0.0	0.0	0.0	0.0	1.0	0.0	0.0	0.0	0.0	0.0	0.0	0.25	0.5	0.0	0.25	0.0	0.0	0.0	1.062525511905778e-38	0.0	1.0	0.0	0.0	0.0	0.0	0.0	0.0	0.0	0.0
A1O4W7F05T6HY0	0.9970369948750728	0.0	0.0	0.0	0.0	0.0	0.002963005124927224	0.511066030757841	0.4889339692421591	0.0	0.0	0.0	0.0	0.0	0.9999999999999988	0.0	4.108340635426698e-47	0.0	0.0	0.0	1.1344898771691125e-15	0.0	0.0	0.0	0.0	0.0	0.0	0.0	1.1964397526709443e-140	0.0	0.0	0.0	1.0	0.0	0.0	0.2510184489465887	0.0	0.24966051701780376	0.0	0.0	0.4993210340356075	7.344841536718075e-21	9.67799099452963e-121	0.0	0.0	0.0	0.0	0.0	1.0
A1P5FJPAEO3RP7	1.0	0.0	1.5679692824026329e-113	0.0	0.0	3.1361034668990765e-40	0.0	0.0	0.0	0.0	0.0	0.0	1.0	0.0	0.0	0.0	1.0	0.0	0.0	0.0	0.0	0.0	1.0	0.0	0.0	0.0	0.0	0.0	1.0	0.0	0.0	0.0	0.0	0.0	0.0	0.0	0.0	7.616910160311096e-146	0.0	0.0	1.0	0.0	0.0	1.0	0.0	0.0	0.0	0.0	0.0
A1QR2AQ7I9R950	0.7946019308602922	0.0	7.646442341781545e-08	0.0	0.0	0.0	0.2053979926752845	0.0	0.5584147791327073	0.0	0.0	0.0	0.0	0.4415852208672927	0.10598559557705894	0.0	0.8003382010990397	0.09367620332390136	0.0	5.203758722164949e-44	0.0	0.0	0.0	1.0	0.0	0.0	0.0	0.0	3.691605745743355e-126	0.0	2.625913051906219e-65	0.0	0.922776029613607	0.0	0.07722397038639296	0.0	0.0	0.0	0.35076844762689846	0.0	0.6492315523731015	0.0	0.0	0.0	0.5177797182888464	0.0	0.0	0.4822202817111537	0.0
A1T02KY1E9YI3I	0.8027388440139546	0.0	0.08818425225753883	0.0	0.1090769037285065	1.8458325454444145e-101	1.347657288667406e-131	6.292359298017626e-111	1.0	1.2054597607041938e-104	0.0	4.714985016393422e-78	2.111160039010131e-105	0.0	0.2215949311745223	0.0	0.7784050688254777	0.0	1.4040958255739414e-66	8.934428338496389e-184	5.5038719493997194e-36	0.8392975390693088	2.4835151839165533e-71	7.960121527862257e-123	0.1607024609306912	0.0	0.0	0.0	3.953882525736827e-183	6.930462147594143e-149	2.963783540246058e-132	0.0	1.0	1.1487691228754405e-156	0.0	1.1786779127762463e-73	0.0	8.695798182210967e-53	0.0	0.0	1.0	0.0	3.16988283163139e-38	0.0	1.2861421645144617e-06	0.0	0.0	0.0	0.9999987138578353
A1ZGOZQF2VZ0X9	1.0	0.0	3.6609577220270394e-20	0.0	0.0	0.0	0.0	0.0	1.0	0.0	0.0	0.0	0.0	0.0	0.10702381254860423	0.0	0.8929761874513958	5.53603360338614e-115	0.0	0.0	0.0	2.8101486026630256e-32	0.0	0.0	1.0	0.0	0.0	0.0	0.0	0.0	6.437536748059671e-93	0.0	1.0	0.0	0.0	0.0	0.0	0.0	0.0	0.0	1.0	0.0	0.0	0.0	0.0	1.0	0.0	0.0	0.0
A24A69YAB0UI36	0.729397830454914	0.0	8.437104018575434e-52	0.16973478846646173	1.5992463663972463e-178	1.1167468073604801e-202	0.10086738107862425	3.603236889204126e-119	0.4907227310940776	0.21670019997567444	0.0	0.12900282523222203	0.16357424369802587	0.0	0.36551196977851247	0.0	0.45320574349427994	0.0	0.1812822867272076	0.0	0.0	0.6681515812754321	0.0	0.133755716529325	2.8565154024222297e-139	0.0	0.198092702195243	0.0	0.08189102752509578	0.0	0.0	0.0	0.9181089724749042	2.045974083815527e-147	0.0	2.8699263473946484e-65	0.0	0.0	1.4317768695742742e-66	0.0	1.0	4.924986221836684e-17	0.0	0.0	0.0	0.0	0.0	0.0	1.0
A24PSDAQU6G83	0.0	0.0	0.0	0.0	0.0	1.0	0.0	0.0	0.0	0.0	0.0	0.0	1.0	0.0	0.0	0.0	0.0	0.0	0.0	0.0	0.0	0.0	0.0	0.0	0.0	0.0	0.0	0.0	0.0	0.0	0.0	0.0	1.0	0.0	0.0	0.0	0.0	0.0	0.0	0.0	1.0	0.0	0.0	0.0	0.0	0.0	0.0	0.0	0.0
A25VNYKP7SASYC	0.0	0.3333333333333333	0.3333333333333333	0.0	0.3333333333333333	0.0	0.0	0.0	1.0	0.0	0.0	0.0	0.0	0.0	0.0	0.0	0.5	0.0	0.0	0.5	0.0	0.0	0.0	0.0	1.0	0.0	0.0	0.0	0.0	0.0	0.0	0.0	1.0	0.0	0.0	0.0	0.0	0.0	1.0	0.0	0.0	0.0	0.0	0.0	0.0	0.0	0.0	0.0	1.0
A26OPH28YZPNP3	0.0	0.18048096077382578	0.420487695146276	0.0	0.3990313440798982	1.462902022079615e-121	0.0	0.0	0.34165453696585074	0.6583454630341492	0.0	1.4281166801982967e-177	0.0	0.0	0.0	0.0	0.724358205384193	2.5131954984762485e-25	0.14498561698454057	0.1306561776312665	4.883273967373099e-134	0.25	0.0	1.3478744053092883e-116	0.75	0.0	3.0108193522549474e-51	0.0	0.0	0.0	0.0	0.0	0.7607528929892863	0.23924710701071372	0.0	0.0	0.0	0.4703660915047908	0.0	0.2110330244024605	0.31860088409274867	0.0	0.0	0.0	3.72241555422589e-43	0.0	0.0	0.0	1.0
A2880Y23V0UITQ	0.2440347674695421	0.0	0.5119304650609158	0.2440347674695421	0.0	0.0	0.0	0.0	0.0	0.0	0.0	1.0	0.0	0.0	0.0	0.0	0.6554365674025352	0.0	0.0	0.0	0.3445634325974647	0.0	0.0	0.0	0.0	0.0	1.0	0.0	0.0	0.0	0.0	0.0	0.6666676718707873	0.0	0.33333232812921276	0.0	0.0	0.0	0.0	0.0	1.0	3.312745095065549e-28	0.0	0.0	0.0	0.0	0.0	0.0	1.0
A299FHNBBCOGDT	0.4357124788239324	0.0	0.0	0.0	0.5642875211760677	0.0	0.0	0.0	1.0	0.0	0.0	0.0	0.0	0.0	0.0	0.0	1.0	0.0	0.0	0.0	0.0	0.0	0.0	0.0	0.0	1.0	0.0	0.0	0.26991219780892733	0.0	0.0	0.0	0.7300878021910727	0.0	0.0	0.0	0.0	0.0	1.0	0.0	0.0	0.0	0.0	1.0	0.0	0.0	0.0	0.0	0.0
A29AML7RI4I0NT	0.0	0.0	0.0	0.0	1.0	0.0	0.0	0.0	1.0	0.0	0.0	0.0	0.0	0.0	0.0	0.0	1.0	0.0	0.0	0.0	0.0	0.0	0.0	0.0	0.0	0.0	0.0	0.0	0.0	0.0	0.0	0.0	1.0	0.0	0.0	0.0	0.0	0.0	0.0	0.0	0.0	0.0	0.0	0.0	0.0	0.0	0.0	0.0	0.0
A2BH9V7XES34RI	0.0	0.0	0.0	0.0	0.0	0.0	0.0	0.0	1.0	0.0	0.0	0.0	0.0	0.0	0.0	0.0	0.0	0.0	0.0	0.0	0.0	0.0	0.0	0.0	0.0	0.0	0.0	0.0	0.0	1.0	0.0	0.0	0.0	0.0	0.0	0.0	0.0	0.0	0.0	0.0	0.0	0.0	0.0	0.0	0.0	0.0	0.0	0.0	0.0
A2EFCJF1JH7SBY	0.0	0.0	0.0	1.0	0.0	0.0	0.0	0.0	1.0	0.0	0.0	0.0	0.0	0.0	0.0	0.0	0.0	0.0	0.0	1.0	0.0	0.0	0.0	0.0	1.0	0.0	0.0	0.0	0.0	0.0	0.0	0.0	1.0	0.0	0.0	0.0	0.0	0.0	0.0	0.0	1.0	0.0	0.0	0.0	0.0	1.0	0.0	0.0	0.0
A2EN7IXP9RG0O2	0.0	0.0	0.0	0.0	0.0	0.0	0.0	0.0	0.0	0.0	0.0	0.0	0.0	0.0	0.0	0.0	0.0	0.0	0.0	0.0	0.0	0.0	0.0	0.0	0.0	0.0	0.0	0.0	0.0	0.0	0.0	0.0	1.0	0.0	0.0	0.0	0.0	0.0	0.0	0.0	0.0	0.0	0.0	0.0	0.0	0.0	0.0	0.0	0.0
A2JAMNGL6SDAHQ	0.0	0.0	0.0	0.0	0.0	0.0	1.0	0.0	1.0	0.0	0.0	0.0	0.0	0.0	0.0	0.0	0.0	0.0	0.0	0.0	0.0	0.0	0.0	0.0	0.0	0.0	0.0	0.0	0.3772784242474275	0.24544315150514506	0.0	0.0	0.3772784242474275	0.0	0.0	0.0	0.0	0.0	0.0	0.0	0.0	0.0	0.0	0.0	0.0	0.0	1.0	0.0	0.0
A2JJ3531QBNT5K	1.0	2.7388232314779922e-27	3.237497309726201e-49	0.0	1.4243560605218667e-174	0.0	0.0	1.4873461676799118e-175	0.9091766938610647	0.0	0.09082330613893534	2.6360102033798533e-150	0.0	0.0	0.11056819430875015	0.0	0.8259009624275891	0.0	0.0	0.0	0.06353084326366071	1.0961749007796334e-106	1.0	2.131227092121252e-57	0.0	0.0	0.0	0.0	0.08512466760301383	0.14920865387784477	0.0	0.0	0.7656666785191414	1.5884692426850356e-151	0.0	0.0	7.3935692395538895e-146	1.8490149724155211e-56	0.0	0.0	1.0	0.0	0.33333384545545447	0.0	5.549394507202089e-106	0.0	0.0	0.6666661545445456	0.0
A2LHJN7Y7A7J2F	0.22187783017956852	0.15634534816329088	4.679286508750234e-170	0.36465041080409605	0.12198018602787625	0.13514622482516833	0.0	0.0	1.0	5.553061025068037e-181	0.0	1.3782901138170576e-58	0.0	0.0	0.05845493962798861	0.16285168155156604	0.6397133385732967	1.3628081562320158e-09	0.0	0.13898003888434038	2.4232156436394456e-78	0.0	0.0	0.0	2.4152858934837173e-105	0.0	1.0	0.0	0.0	0.28727142735016115	0.0	0.0	0.7127285726498389	0.0	0.0	0.0	1.7896952251190743e-137	8.700958985340712e-183	0.0	0.0	0.7598646884473257	0.24013531155267429	0.2429482877581587	2.224962787871586e-22	0.0	0.0	0.0	0.7570517122418413	0.0
A2LJUWMRB0FGWS	0.7612867169409671	0.15178935602388088	1.081598770683811e-84	0.08692392703515212	0.0	0.0	0.0	0.4264121371736486	0.5735878628263513	0.0	0.0	1.2925440456794172e-89	0.0	0.0	0.34125786593320423	2.198514344584388e-67	0.4705300957619969	0.09410601915239938	1.7455444465079389e-186	0.09410601915239938	0.0	3.563472476488545e-149	0.0	0.0	0.7722995854365176	0.22770041456348245	0.0	0.0	0.4791663939624197	0.10691159016515565	0.0	0.0	0.41392201587242455	0.0	0.0	0.0	0.0	0.16666666666666666	0.0	0.5	0.3333333333333333	0.0	0.5000006636408102	0.0	0.0	0.0	0.0	3.4465317110238945e-40	0.4999993363591898
A2P8VR6J0Q7GXS	0.5650640557819863	0.08152652350826858	0.055537998772508236	0.2978714219372368	2.467218511594916e-151	0.0	0.0	0.0	1.0	0.0	0.0	0.0	0.0	0.0	0.3511432579198882	3.2312986339587123e-97	0.2367799066914376	0.22084580929884318	0.09561551304491547	4.445164094057639e-199	0.09561551304491547	2.5880355881011143e-101	0.46968284528002047	0.0	0.5303171547065267	0.0	1.3452805268045082e-11	0.0	3.2391550014299223e-211	2.958481572160874e-278	0.0	0.0	1.0	0.0	0.0	9.354168867165799e-85	0.0	0.0	0.3466801866167565	0.0	0.6533198133832435	0.0	0.0	0.0	0.0	0.7394708579598867	0.0	0.2605291420401134	0.0
A2QCMRCU1HVE7P	0.6405194553227351	0.11359069549611235	7.936052202291554e-52	0.0	0.2458898491811526	1.9714491834089028e-117	0.0	0.0	0.4479899822611804	0.0	0.0	0.0	0.5520100177388195	0.0	8.598429678657217e-89	0.0	0.3755392962847933	0.0	0.0010225604342679537	0.4982583778526743	0.12517976542826442	0.0	0.0	1.8918676948694283e-35	1.0	0.0	0.0	0.0	0.0	0.0	0.0	0.0	0.9288823343752829	0.07111766562471716	0.0	0.0	0.0	0.0	1.5877022690247452e-10	2.854678812537286e-85	0.9999999998412298	0.0	1.0	0.0	0.0	0.0	0.0	0.0	0.0
A2RGDYBSWA09Q	0.0	0.0	0.38093445086225197	0.0	3.961835491770143e-10	0.20635518291385482	0.41271036582770965	0.22879680897467083	0.22879680897467083	0.0	0.22879680897467083	0.3136095730759876	0.0	0.0	0.0	0.0	0.4898132284888544	0.0	1.1820740501342988e-48	0.2550933857555728	0.2550933857555728	0.0	0.0	0.0	0.0	1.0	0.0	0.0	0.0	0.0	8.893026951446407e-199	0.0	1.0	0.0	0.0	0.0	0.0	0.0	0.0	0.5559302225651348	0.0	0.44406977743486525	0.0	0.0	0.9999941861427392	0.0	5.813857260937521e-06	0.0	0.0
A2RLY0MUZQ1R1G	0.0	0.0	0.0	0.0	0.0	0.0	0.0	0.0	0.0	0.0	0.0	0.0	0.0	0.0	0.0	0.0	0.0	0.0	0.0	1.0	0.0	0.0	0.0	0.0	0.0	0.0	0.0	0.0	0.0	0.0	0.0	0.0	0.0	1.0	0.0	0.0	0.0	0.0	0.0	0.0	1.0	0.0	0.0	0.0	0.0	0.0	0.0	1.0	0.0
A2RV6QX6SN4YIC	0.6056137473423893	6.648926608760797e-134	0.3266396674565922	0.0	0.06774658520101863	2.496968109375568e-125	0.0	1.0357367074645844e-45	1.0	0.0	0.0	0.0	9.02256425425852e-90	0.0	0.21249447037019048	0.0	0.6344369912519568	0.0	0.15306853837785273	0.0	0.0	9.421684116263966e-158	0.0	0.43117780149330076	0.0	0.3035251402131573	0.0	0.26529705829354194	0.06635340089056235	0.11442579708021862	2.402672035889818e-181	0.0	0.819220802029219	8.29872478067255e-224	0.0	0.09459666071017797	2.2873516721510014e-191	0.16052221099686728	0.0	9.937745760081835e-86	0.7448811282929547	0.0	0.0	0.0	1.0	0.0	5.0445156701896565e-18	0.0	0.0
A30ENTLELXJH32	0.46521740986470544	0.0	0.17171382959289594	0.0	0.36306876054239867	9.784428616088981e-92	0.0	0.161430376143958	0.4507173034706187	1.3167359960842288e-91	0.0	0.3878523203854232	0.0	0.0	2.238478985940121e-48	0.0	1.0	0.0	0.0	6.672931637572558e-89	0.0	0.0	0.0	0.0	0.9999999999810345	1.8965534076054262e-11	0.0	0.0	0.0	0.10210335009741801	0.10210335009741801	0.0	0.7957932998051641	0.0	0.0	0.1428571428556359	0.0	0.0	0.142857142857394	1.1728794028723668e-128	0.7142857142869701	0.0	1.0	0.0	4.7455529570069545e-35	0.0	0.0	0.0	0.0
A30VOAZX8XTNGW	0.8567312226816995	0.0	3.6112796007994866e-25	0.0713942685568083	8.868054860298793e-153	0.07187450876149214	0.0	0.0	0.75	0.0	0.0	0.0	0.0	0.25	8.206517679181856e-76	0.14285714285714285	0.7142857142857143	0.0	0.14285714285714285	4.4969782009199163e-39	0.0	0.4999997398458569	0.0	0.0	0.0	0.0	0.5000002601541431	0.0	0.0	6.429186265350716e-59	0.0	0.0	1.0	0.0	0.0	0.0	1.361037404561197e-21	0.0	0.0	0.0	0.89993267836984	0.10006732163015992	0.0	0.0	0.0	0.0	0.0	0.0	1.0
A323JR6EQT5Q71	0.6544249066020726	0.10095949905031133	0.244615594347616	1.2378621041714611e-71	7.00018853618344e-38	0.0	0.0	0.0	1.0	0.0	0.0	0.0	0.0	0.0	3.1245863595530414e-38	0.0	1.0	0.0	0.0	0.0	0.0	0.0	0.0	0.0	1.0	0.0	0.0	0.0	2.9541913742770808e-74	0.0	2.0466305613168024e-225	0.0	1.0	0.0	0.0	1.0986767437734245e-54	0.0	0.3333333333333333	0.0	0.0	0.6666666666666666	0.0	0.0	0.0	1.689916616352837e-59	1.0	0.0	0.0	0.0
A39HQTITNY9TVJ	0.7191392297807486	1.2115754954021151e-110	0.1993081423072359	1.8735334056517368e-43	0.02732157918150584	0.054231048730509865	1.893737938416035e-216	4.8763066377355236e-89	0.49512453644869386	0.0	3.4459512146573526e-60	1.1819760817539385e-248	0.2573131953269592	0.24756226822434693	0.2720370396850033	0.0	0.7279629603149967	0.0	0.0	1.6891546477425463e-149	0.0	3.3732878253211514e-07	0.0	0.6949886104173284	0.15151038642625647	0.0	0.15350066582763264	0.0	0.05459625019994044	0.037818089688588734	1.052965279529896e-45	0.0	0.9075856601114708	4.6266774502124655e-135	0.0	2.4012028642258426e-81	0.0	5.715582623946583e-63	0.0	0.0	1.0	0.0	5.6361581267984775e-87	0.0	0.4559481525110503	0.3627012316592998	0.0	0.0	0.1813506158296499
A39VVWV1GHLMFD	0.0	0.0	1.0	0.0	0.0	0.0	0.0	0.0	0.0	0.0	0.0	0.0	0.0	0.0	0.0	0.0	0.9999999899568038	1.0043196200870269e-08	0.0	0.0	0.0	0.0	0.0	0.0	1.0	0.0	0.0	0.0	0.0	0.0	0.0	0.0	1.0	0.0	0.0	0.0	0.0	1.0	0.0	0.0	0.0	0.0	0.0	0.0	1.0	0.0	0.0	0.0	0.0
A3A1FSHR9ZNBUB	0.49229158140872514	0.0	0.5077084185912749	0.0	0.0	0.0	0.0	1.0	0.0	0.0	0.0	0.0	0.0	0.0	1.314794074068849e-41	0.0	1.0	0.0	0.0	0.0	0.0	0.0	0.0	0.0	1.0	0.0	0.0	0.0	0.5	0.0	0.0	0.0	0.5	0.0	0.0	0.0	0.0	0.0	0.0	0.0	0.0	0.0	0.0	0.0	0.0	0.0	0.0	0.0	0.0
A3BC13IWNQPXYZ	0.0	0.07338276626895313	0.0	0.9266172337310469	0.0	0.0	0.0	0.0	1.0	0.0	0.0	0.0	0.0	0.0	0.0	0.0	0.0	0.0	0.0	0.0	0.0	0.0	0.0	0.0	1.0	0.0	0.0	0.0	0.0	0.0	0.0	0.0	0.0	0.0	0.0	0.0	0.0	0.0	0.0	0.0	0.0	0.0	0.0	0.0	0.0	0.0	0.0	0.0	0.0
A3FHW88B3A9O0W	0.4904503473450241	0.0	0.0	0.5095496526549759	0.0	0.0	0.0	0.0	1.0	0.0	0.0	0.0	0.0	0.0	0.14742241771996734	0.0	0.7104813185666938	0.0	0.0	0.14209626371333878	0.0	0.0	0.0	0.0	1.0	0.0	0.0	0.0	0.3333333333333333	3.0040014969705773e-84	0.0	0.0	0.6666666666666666	0.0	0.0	0.0	0.0	1.4956299571980057e-131	0.0	1.0	0.0	0.0	0.0	0.0	2.777871169559606e-80	0.0	0.5	0.0	0.5
A3G8NSPRF986WP	0.0	0.0	0.0	0.0	0.0	0.0	0.0	0.0	0.0	0.0	0.0	0.0	0.0	0.0	0.0	0.0	0.0	0.0	0.0	0.0	0.0	0.0	0.0	0.0	0.0	0.0	0.0	0.0	0.0	0.0	0.0	0.0	1.0	0.0	0.0	0.0	0.0	0.0	0.0	0.0	0.0	0.0	0.0	0.0	0.0	0.0	0.0	0.0	0.0
A3NLLGZF608INY	9.321873766512338e-161	0.0	0.6666666666666667	0.0	0.0	0.33333333333333326	0.0	0.0	0.0	0.0	0.0	0.0	0.0	0.0	0.0	0.0	0.6	0.4	0.0	0.0	2.938029599326034e-102	0.0	0.0	0.0	3.712432584650321e-97	0.0	0.0	1.0	0.25	0.0	0.0	0.0	0.75	0.0	0.0	0.0	0.0	0.0	0.0	0.0	1.0	0.0	0.0	0.0	4.350038347673802e-46	0.0	0.0	0.0	1.0
A3P0BZT74A33SN	1.0	0.0	0.0	0.0	0.0	0.0	0.0	0.0	1.0	0.0	0.0	0.0	0.0	0.0	1.0	0.0	0.0	0.0	0.0	0.0	0.0	0.0	0.0	0.0	0.0	0.0	0.0	0.0	0.0	0.0	1.0	0.0	0.0	0.0	0.0	0.0	0.0	0.0	0.0	0.0	1.0	0.0	0.0	0.0	0.0	0.0	0.0	0.0	0.0
A3P2O37EDC1H9V	0.7269475555350622	0.07632492501079999	1.8075918222394698e-32	0.06285454761934547	8.529871755124685e-105	9.999496545093856e-10	0.13387297083484279	0.6446268610213499	0.35537313897865	7.215523657098769e-54	0.0	5.945509725267685e-224	0.0	0.0	0.45759855660742454	0.0	0.3964456594721647	0.09088323440838966	0.0	0.05507254951202099	0.0	2.6346458390909908e-46	0.0	0.0	0.26658805848992634	0.0	0.7334119415100737	0.0	0.05010711106893595	0.1076013347205018	0.0653714081099737	0.0	0.7121768006149193	0.06474334548566939	0.0	0.30111578087722873	0.0	2.774504177424583e-32	0.0	0.0998406027354779	0.5990436163872933	0.0	1.0	0.0	0.0	0.0	0.0	0.0	0.0
A3PK95JULG0QGW	0.8745882435789424	0.0	6.639179505613053e-23	0.0	1.2473169914561244e-55	0.12541175642105767	0.0	0.0	1.0	0.0	0.0	2.9179329931720227e-111	0.0	0.0	1.3319595036711667e-33	0.0	0.600000170401486	0.10000002840024766	0.19999977279801875	0.0	0.10000002840024766	0.0	0.0	0.0	0.0	0.0	0.0	0.0	1.3002042232916492e-288	0.0	0.0	0.0	1.0	0.0	0.0	0.16677135467520884	0.0	9.198351852114891e-138	0.0	0.0	0.8332286453247911	0.0	2.4697556205694457e-30	0.0	0.3333330177754144	0.0	0.6666669822245856	0.0	0.0
A3T5UAYFKJBVTA	0.8734993503406768	0.12650064965932306	1.8652602202712887e-35	5.237458543430105e-143	0.0	0.0	0.0	3.273590451070017e-14	0.9999999999999672	0.0	0.0	0.0	0.0	0.0	0.39249375005249915	0.0	0.39934555976003866	0.20816069018746233	0.0	0.0	0.0	0.0	0.0	0.0	1.0	0.0	0.0	0.0	0.6441133979522206	1.0196897421206683e-66	0.0	0.0	0.3558866020477795	0.0	0.0	1.3313439959366856e-75	0.4936979031564424	0.0	8.535554255637626e-75	0.0	0.5063020968435575	0.0	1.0	1.4756711959359382e-105	0.0	0.0	0.0	0.0	0.0
A4Y8HWKCF1U6G	0.9610995801545312	0.0	4.057614631626967e-118	0.03890041984546879	0.0	0.0	0.0	0.0	1.0	0.0	0.0	0.0	0.0	0.0	8.76031780662429e-96	0.0	0.38520933420201786	0.6147906657979821	0.0	0.0	0.0	0.0	0.5	0.5	0.0	0.0	0.0	0.0	1.792940563585744e-28	0.0	0.16228147249339583	0.0	0.8377185275066041	0.0	0.0	0.0	0.0	0.0	3.993881099087195e-18	0.0	1.0	0.0	0.0	0.0	0.0	0.0	0.0	0.0	1.0
A61LR9E9L004M	0.37558993559286746	0.0	0.4034007538566454	0.0	0.22100931054936987	0.0	1.1173537479230685e-12	0.2287968089746713	0.0	0.0	0.0	0.0	0.0	0.7712031910253287	3.649361003574634e-86	0.0	0.8176722619471903	0.0	0.18232773805280972	0.0	0.0	1.0	0.0	0.0	0.0	0.0	0.0	0.0	0.0	0.0	0.26905080003773674	0.0	0.5487281651634357	0.0	0.18222103479882754	0.24999999999999978	0.0	0.0	0.0	0.2500000000000001	0.0	0.5000000000000002	0.0	0.0	0.0	0.5122856452264067	0.0	0.0	0.4877143547735933
A681XM15AN28F	0.27043518705706904	0.04862017464763166	0.5467401332760596	2.9701248694398808e-158	1.812566397567591e-182	0.0	0.13420450501923975	0.0	0.4670722002603516	0.3346955351306791	0.1982322646089692	1.1372919315924563e-66	0.0	0.0	6.705681229460088e-26	4.0829477479725685e-21	0.8562383456699014	1.180869567804949e-18	7.760641660159579e-158	0.0	0.1437616543300986	0.0	0.0	0.2683679591606052	0.5178574879857819	0.0	0.0	0.213774552853613	0.0	0.050731300512371846	4.379264081182873e-86	3.607945143959371e-153	0.949268699487628	0.0	0.0	0.0	0.0	1.1718685326283798e-130	0.226340281545186	0.34318441663267735	0.11317014077458869	0.3173051610475478	0.0	0.0	0.4632388735658045	0.0	0.0	0.0	0.5367611264341955
A9ZM1P6LBW79	0.0	0.0	0.0	0.0	0.0	0.0	0.0	0.0	0.0	0.0	0.0	0.0	0.0	0.0	0.0	0.0	1.0	0.0	0.0	0.0	0.0	0.0	0.0	0.0	0.0	0.0	0.0	0.0	0.0	0.0	0.0	0.0	0.0	0.0	0.0	0.0	0.0	0.0	0.0	0.0	0.0	0.0	0.0	0.0	0.0	0.0	0.0	0.0	0.0
AA7BTDZQNHW5	0.1399612138732187	0.0	2.7912417243052647e-70	8.882992391825875e-72	0.18883190109640566	0.3684384418735812	0.3027684431567944	0.0	0.4624510643178385	0.0	0.5375489356821616	4.94390282140675e-154	0.0	0.0	0.5088427785281254	0.0	0.49115717328832187	4.8183552808881583e-08	0.0	1.06896745787631e-20	3.469537830795496e-20	0.0	0.0	0.0	1.0	0.0	0.0	0.0	0.3000094746266456	0.0	0.0	0.0	0.6999905253733544	0.0	0.0	0.0	0.0	0.0	0.2979313920418862	0.2979313920418862	0.0	0.4041372159162276	0.0	0.5	7.79718542917589e-120	0.0	0.0	0.5	0.0
AE03LUY7RH400	0.547590212914902	0.09572109095496811	9.815053017368715e-28	8.963574370778479e-79	0.129373514389919	0.22731518174021093	6.471759760880259e-19	1.3979105020579202e-61	0.5527252852207442	0.0704487896839858	0.0	0.28546339890686295	0.09136252618840697	0.0	0.05138088673843922	2.6737873289057298e-154	0.6879858160938922	0.0	0.058024240113375036	0.20260905705429355	5.138201886873891e-18	0.2447269056068868	0.0	5.630140904940504e-76	0.7552730943931132	2.1202720461557744e-116	6.069342555560483e-107	4.7766363702628924e-40	0.03501446119433102	1.0448667044485749e-73	6.184653876119937e-188	0.0	0.8971871192963804	0.0677984195092886	2.8573275114967925e-76	0.06992145537762397	0.0	0.07157426490920879	1.8746042359429784e-31	1.8624513094811555e-123	0.8585042797131671	1.8609516904916026e-40	0.2852752078929846	0.11912079868450255	0.0	0.11912079868450255	0.0	1.2745721048726211e-89	0.4764831947380102
AH7UYMETH5YQ5	0.0	0.0	0.0	0.0	0.0	0.0	0.0	0.0	0.0	0.0	0.0	0.0	0.0	0.0	0.0	0.0	0.0	0.0	0.0	0.0	0.0	0.0	0.0	0.0	0.0	0.0	0.0	0.0	0.0	0.0	0.0	0.0	1.0	0.0	0.0	0.0	0.0	0.0	0.0	0.0	0.0	0.0	0.0	0.0	0.0	0.0	0.0	0.0	0.0
AISFU4P55HYEH	0.36747103868047276	1.6732171624208378e-94	0.6325289613195272	0.0	0.0	0.0	0.0	0.0	0.6776372183269732	0.0	0.0	0.32236278167302673	0.0	0.0	0.0	0.43884726765395066	0.5611527323460495	0.0	0.0	0.0	0.0	0.0	0.0	0.0	0.0	0.0	0.0	0.0	0.22102944293140225	0.0	0.0	0.0	0.7789705570685976	0.0	0.0	0.0	0.0	0.0	0.0	0.0	1.0	2.6079255181408517e-30	0.0	0.0	0.0	0.0	0.0	0.0	1.0
AJ43O59MBI55L	0.36490475484884066	1.2678452027975094e-112	0.5445991841418119	0.0	0.09049606100934728	9.799765974160143e-17	0.0	1.5199448538130355e-35	0.660270747014589	0.0	0.0	0.339729252985411	0.0	0.0	0.240415682233053	0.0	0.7067292704201238	0.0	0.0	0.0	0.05285504734682315	0.21361940585309874	0.0	0.17032981229321853	0.40536349984217324	0.0	0.0	0.21068728201150955	9.576105234401366e-43	0.07273534281828228	0.0	0.0	0.9272646571817177	1.0715110488562767e-128	0.0	0.0	0.0	9.767201805193894e-21	0.0	0.0	1.0	0.0	0.4463588737722774	1.6523297159952765e-26	1.015232871385504e-08	0.03910210899869895	0.0	0.0	0.5145390070766949
APEB5ERGCYP6D	0.9999999999989788	1.0211963036684859e-12	2.67243998927347e-57	0.0	6.739162641677688e-128	0.0	7.920351705536552e-84	2.8370231465853463e-26	1.3429706909698738e-87	0.0	0.0	0.2	0.0	0.8	0.5872554147055516	0.0	0.4127445852944483	0.0	5.109880296720936e-212	6.970374954579286e-238	4.839900452022781e-95	7.798749018411539e-24	0.3333333333333333	2.7925239039613464e-37	0.6666666666666666	0.0	6.00352798562167e-27	0.0	6.024215669952274e-55	0.0	0.0	0.06666666666666667	0.9333333333333333	0.0	8.298021254611018e-169	0.3152404786584527	0.15216878251961555	0.07608439126027594	1.5251687797344984e-24	0.0	0.45650634756165576	0.0	8.846352312357929e-76	0.0	0.0	0.0	0.0	0.0	1.0
ASY5AZCZEM04L	0.5501682138999419	0.0	0.07710507017399047	0.0	0.0	0.18933731129275364	0.18338940463331396	0.0	0.0	0.0	0.0	0.0	0.0	0.0	0.0	0.0	0.6123363084494431	0.0	0.3876636915505568	0.0	0.0	0.0	0.0	0.0	1.0	0.0	0.0	0.0	3.579436686773387e-73	0.0	0.0	0.0	0.5082419585136182	0.49175804148638186	0.0	0.0	0.0	0.0	0.0	0.0	1.0	0.0	0.0	0.0	0.0	0.0	0.0	0.0	1.0
AVTI7X2H3RKPE	0.0	0.0	0.0	0.0	0.0	0.0	0.0	0.0	0.0	0.0	0.0	0.0	0.0	0.0	0.0	0.0	0.0	0.0	0.0	1.0	0.0	0.0	0.0	0.0	0.0	0.0	0.0	0.0	0.0	0.0	0.0	0.0	1.0	0.0	0.0	0.0	0.0	0.0	0.0	0.0	1.0	0.0	0.0	0.0	0.0	0.0	0.0	0.0	0.0
AWJ3MAVSHICCR	0.0	0.0	0.0	0.0	0.0	0.0	0.0	0.0	0.0	0.0	0.0	0.0	0.0	0.0	0.0	0.0	1.0	0.0	0.0	0.0	0.0	0.0	0.0	0.0	0.0	0.0	0.0	0.0	0.0	0.0	0.0	0.0	0.0	0.0	0.0	0.0	0.0	1.0	0.0	0.0	0.0	0.0	0.0	0.0	0.0	0.0	0.0	0.0	0.0
AWWH403H35YT5	0.6620655558627655	0.0	0.0	0.3379344441372345	0.0	0.0	0.0	0.0	1.0	0.0	0.0	0.0	0.0	0.0	5.891957498202347e-26	0.0	0.0	1.0	0.0	6.910797871430514e-41	0.0	0.0	0.0	0.0	0.0	0.0	0.0	1.0	0.0	0.0	0.0	1.0	0.0	0.0	0.0	0.0	0.0	0.0	0.0	0.0	1.0	0.0	0.0	0.0	0.0	0.0	0.0	0.0	1.0
AXQWKUJF7SQXP	0.1107418718709528	0.0	0.22480689687496383	0.0	0.4429674875121777	0.2214837437419056	0.0	7.001544438554442e-110	0.8098194433132924	0.1901805566867076	0.0	6.9219489971273336e-40	0.0	0.0	4.412772428925729e-109	0.08388320368869445	0.9161167963113056	0.0	1.0374310263807802e-206	3.5004675108454314e-128	0.0	1.0	0.0	8.909412128877673e-85	0.0	0.0	0.0	0.0	0.0	0.0	0.0	0.0	1.0	0.0	0.0	0.0	0.0	0.0	0.0	0.33333333330487225	0.6666666666951278	0.0	0.0	0.0	1.0	0.0	0.0	0.0	0.0
AXVEBBS48RC53	1.0	0.0	1.585895893302902e-51	0.0	0.0	0.0	0.0	0.0	1.0	0.0	0.0	0.0	0.0	0.0	0.0	0.0	1.0	0.0	0.0	0.0	0.0	0.0	0.0	0.5725543672265186	3.502645251853004e-54	0.0	0.4274456327734813	0.0	0.0	0.0	0.0	0.0	1.0	0.0	0.0	0.0	0.0	0.0	1.0	0.0	0.0	0.0	0.0	0.0	1.0	0.0	0.0	0.0	0.0
AYOXZN5JZIHDT	0.0	0.0	0.0	0.0	0.0	0.0	0.0	0.0	0.0	0.0	0.0	0.0	0.0	0.0	0.0	0.0	1.0	0.0	0.0	0.0	0.0	0.0	0.0	0.0	0.0	0.0	0.0	0.0	0.0	0.0	0.0	0.0	0.0	0.0	0.0	0.0	0.0	0.0	0.0	0.0	0.0	0.0	0.0	0.0	0.0	0.0	0.0	0.0	0.0
AYY9WMJIAPYQT	0.9144543149503874	3.4536443885178793e-128	1.4780917058970227e-20	0.0	0.0354628012718846	0.05008288377772796	0.0	0.09436842985110099	0.7762556315561991	3.6563383716446636e-109	0.0	1.7264057333337292e-175	0.0	0.12937593859269986	5.464330919084334e-49	1.6613559736302246e-69	0.8427547488536169	0.0	0.0	0.1572452511463831	6.207616913555993e-110	0.23782977742524286	0.0	0.5762069363288617	0.0	0.0	0.18596328624589542	0.0	2.5141683706545386e-82	2.8656290026154867e-143	1.0050512102232592e-60	0.0	1.0	2.744609683053444e-153	0.0	5.61861218635006e-38	0.0	6.262934700093697e-74	0.0	3.3573706121923654e-156	1.0	0.0	7.822058176018049e-42	0.0	0.48611812796533743	0.0	0.0	0.3506989978866027	0.1631828741480598
